﻿Designator,Quantity,Value,Footprint,Package,MPN,DNP,Mount_Type,Description,Sim.Name,Sim.Device,Sim.Pins,Sim.Params,Sim.Library
", ",2,,,,,,tht,,,,,,
"C1, C2",2,68N 400V,C_Rect_L11.0mm_W5.3mm_P10.00mm_MKT,,,,tht,Unpolarized capacitor,,,,,
CSP1,1,100N 630V,C_Rect_L18.0mm_W9.0mm_P15.00mm_FKS3_FKP3,,,,tht,Unpolarized capacitor,,,,,
D1,1,DB3,D_DO-35_SOD27_P7.62mm_Horizontal,,,,tht,"32V 2A Bidirectional trigger diode, DO-35",,,,,
D2,1,RMB4S,TO-269AA,,,,smt,"Miniature Glass Passivated Single-Phase Surface Mount Bridge Rectifiers, 280V Vrms, 0.5A If, TO-269AA",,,,,
J1,1,ENTRADA EM SERIE,TerminalBlock_MetzConnect_Type094_RT03503HBLU_1x03_P5.00mm_Horizontal,,,,tht,"Generic screw terminal, single row, 01x03, script generated (kicad-library-utils/schlib/autogen/connector/)",,,,,
J2,1,POTENCIOMETRO,TerminalBlock_MetzConnect_Type094_RT03503HBLU_1x03_P5.00mm_Horizontal,,,,tht,"Generic screw terminal, single row, 01x03, script generated (kicad-library-utils/schlib/autogen/connector/)",,,,,
"MAXIMO1, MINIMO1",2,10K,Potentiometer_Bourns_3386F_Vertical,,,,tht,Trim-potentiometer,,,,,
Q1,1,BTA24-600B,TO-220-3_Vertical,,,,tht,"16A RMS, 600V Off-State Voltage, 50mA Sensitivity, Insulated, Triac, TO-220",,,,,
"R1, R2, R4, R5, R6, R7",6,100K,R_1210_3225Metric_Pad1.30x2.65mm_HandSolder,,,,smt,Resistor,,,,,
R3,1,100R 2W,R_Axial_DIN0614_L14.3mm_D5.7mm_P15.24mm_Horizontal,,,,tht,"Resistor, US symbol",,,,,
R8,1,100K,R_1206_3216Metric_Pad1.30x1.75mm_HandSolder,,,,smt,Resistor,,,,,
VARISTOR1,1,ZOV 10D 391K,RV_Disc_D12mm_W3.9mm_P7.5mm,,,,tht,Voltage dependent resistor,kicad_builtin_varistor,SUBCKT,1=A 2=B,threshold=1k,${KICAD7_SYMBOL_DIR}/Simulation_SPICE.sp
