﻿pos_x,pos_y,rotation,side,designator,mpn,pack,footprint,value,mount_type
149.0,-111.5,0.0,top,,,,,,tht
149.0,-88.0,0.0,top,,,,,,tht
133.0,-108.0,0.0,top,C1,,,C_Rect_L11.0mm_W5.3mm_P10.00mm_MKT,68N 400V,tht
133.0,-114.5,0.0,top,C2,,,C_Rect_L11.0mm_W5.3mm_P10.00mm_MKT,68N 400V,tht
158.5,-111.5,0.0,top,CSP1,,,C_Rect_L18.0mm_W9.0mm_P15.00mm_FKS3_FKP3,100N 630V,tht
159.19,-90.25,0.0,top,D1,,,D_DO-35_SOD27_P7.62mm_Horizontal,DB3,tht
148.77,-99.825,90.0,top,D2,,,TO-269AA,RMB4S,smt
174.0,-103.0,90.0,top,J1,,,TerminalBlock_MetzConnect_Type094_RT03503HBLU_1x03_P5.00mm_Horizontal,ENTRADA EM SERIE,tht
123.5,-105.0,-90.0,top,J2,,,TerminalBlock_MetzConnect_Type094_RT03503HBLU_1x03_P5.00mm_Horizontal,POTENCIOMETRO,tht
126.655,-93.46,180.0,top,MAXIMO1,,,Potentiometer_Bourns_3386F_Vertical,10K,tht
126.5,-83.0,180.0,top,MINIMO1,,,Potentiometer_Bourns_3386F_Vertical,10K,tht
154.25,-101.58,90.0,bottom,Q1,,,TO-220-3_Vertical,BTA24-600B,tht
135.5,-101.75,0.0,top,R1,,,R_1210_3225Metric_Pad1.30x2.65mm_HandSolder,100K,smt
135.5,-98.25,0.0,top,R2,,,R_1210_3225Metric_Pad1.30x2.65mm_HandSolder,100K,smt
161.38,-84.0,0.0,top,R3,,,R_Axial_DIN0614_L14.3mm_D5.7mm_P15.24mm_Horizontal,100R 2W,tht
135.45,-94.75,0.0,top,R4,,,R_1210_3225Metric_Pad1.30x2.65mm_HandSolder,100K,smt
135.45,-89.5,0.0,top,R5,,,R_1210_3225Metric_Pad1.30x2.65mm_HandSolder,100K,smt
135.5,-86.0,0.0,top,R6,,,R_1210_3225Metric_Pad1.30x2.65mm_HandSolder,100K,smt
135.5,-82.5,0.0,top,R7,,,R_1210_3225Metric_Pad1.30x2.65mm_HandSolder,100K,smt
130.0,-104.5,-90.0,top,R8,,,R_1206_3216Metric_Pad1.30x1.75mm_HandSolder,100K,smt
163.8,-102.75,90.0,top,VARISTOR1,,,RV_Disc_D12mm_W3.9mm_P7.5mm,ZOV 10D 391K,tht
